life_expectancy,infant_deaths,hiv_aids,gdp_capita,schooling,percentage_expenditure,alcohol
65,62,0.1,584.25921,10.1,71.27962362,Negligible
59.9,64,0.1,612.696514,10,73.52358168,Negligible
59.9,66,0.1,631.744976,9.9,73.21924272,Negligible
59.5,69,0.1,669.959,9.8,78.1842153,Negligible
59.2,71,0.1,63.537231,9.5,7.097108703,Negligible
58.8,74,0.1,553.32894,9.2,79.67936736,Negligible
58.6,77,0.1,445.8932979,8.9,56.76221682,Negligible
58.1,80,0.1,373.3611163,8.7,25.87392536,Negligible
57.5,82,0.1,369.835796,8.4,10.91015598,Negligible
57.3,84,0.1,272.56377,8.1,17.17151751,Negligible
57.3,85,0.1,25.2941299,7.9,1.388647732,Negligible
57,87,0.1,219.1413528,6.8,15.29606643,Negligible
56.7,87,0.1,198.7285436,6.5,11.08905273,Negligible
56.2,88,0.1,187.84595,6.2,16.88735091,Negligible
55.3,88,0.1,117.49698,5.9,10.5747282,Negligible
54.8,88,0.1,114.56,5.5,10.42496,Negligible
77.8,0,0.1,3954.22783,14.2,364.9752287,Consumed
77.5,0,0.1,4575.763787,14.2,428.7490668,Consumed
77.2,0,0.1,4414.72314,14.2,430.8769785,Consumed
76.9,0,0.1,4247.61438,14.2,412.4433563,Consumed
76.6,0,0.1,4437.17868,13.3,437.0621,Consumed
76.2,1,0.1,494.358832,12.5,41.82275719,Consumed
76.1,1,0.1,4114.136545,12.2,348.0559517,Consumed
75.3,1,0.1,437.539647,12,36.62206845,Consumed
75.9,1,0.1,363.13685,11.6,32.24655228,Consumed
74.2,1,0.1,35.1293,11.4,3.3021542,Consumed
73.5,1,0.1,279.142931,10.8,26.99312143,Consumed
73,1,0.1,2416.588235,10.9,221.8428,Consumed
72.8,1,0.1,189.681557,10.7,14.71928882,Consumed
73.3,1,0.1,1453.642777,10.7,104.5169157,Consumed
73.6,1,0.1,1326.97339,10.6,96.20557078,Consumed
72.6,1,0.1,1175.788981,10.7,91.71154052,Consumed
75.4,21,0.1,547.8517,14.4,54.2373183,Negligible
75.3,21,0.1,5471.866766,14.4,544.4507432,Negligible
75.1,21,0.1,5564.82566,14.4,555.9260834,Negligible
74.9,21,0.1,5432.2523,14,509.0020405,Negligible
74.7,21,0.1,4463.394675,13.6,430.7175861,Negligible
74.4,20,0.1,3868.83123,13.1,352.0636419,Negligible
74.1,20,0.1,495.254866,12.6,43.08717334,Negligible
73.8,20,0.1,3935.183343,12.3,320.3239241,Negligible
73.4,20,0.1,3464.6179,12.3,270.2401962,Negligible
72.9,19,0.1,31.122378,12,2.548922758,Negligible
72.3,19,0.1,2598.9823,11.7,220.393699,Negligible
51.7,67,2,479.31224,11.4,23.965612,Consumed
51.1,69,2.3,484.616884,11.4,35.95857279,Consumed
56,72,2.6,4598.249988,10.3,256.1225243,Consumed
51,75,2.5,4299.12889,9.4,239.8913921,Consumed
49.6,78,2.5,3529.53482,9,191.6537407,Consumed
49.1,81,2.5,3347.84485,8.5,212.9229325,Consumed
48.7,84,2.6,3868.578883,8.1,249.9101958,Consumed
48.2,87,2.6,2878.837144,7.7,184.8213446,Consumed
76.2,8,0.1,12245.25645,17.3,847.3717463,Consumed
76,8,0.1,12976.63642,17.3,1001.796332,Consumed
75.9,9,0.1,12969.7712,17.2,1133.558003,Consumed
75.7,9,0.1,12726.9836,17.1,1504.329462,Consumed
75.5,10,0.1,1276.265,16.8,187.610955,Consumed
75.6,10,0.1,8161.36966,16.5,1398.042623,Consumed
75.4,10,0.1,8953.359275,16.3,1413.73543,Consumed
74.8,10,0.1,7193.61764,16.3,1105.659031,Consumed
75.2,11,0.1,5878.76127,16.1,961.1774676,Consumed
74.9,11,0.1,576.883829,16.3,96.16653429,Consumed
74.7,11,0.1,4251.574348,16.3,719.3663797,Consumed
74.1,11,0.1,333.4376,16.4,57.58467352,Consumed
74.1,12,0.1,2579.193168,16.3,470.1869145,Consumed
74.6,1,0.1,3994.712355,12.7,295.6087143,Consumed
74.4,1,0.1,3843.591213,12.7,279.4290812,Consumed
74.4,1,0.1,3684.8481,12.7,274.1526986,Consumed
73.9,1,0.1,3526.978143,12.7,260.9963826,Consumed
73.5,1,0.1,3218.381655,12.3,224.3212014,Consumed
73.3,1,0.1,2993.832531,11.9,201.1855461,Consumed
73.2,1,0.1,41.26997,12.3,2.8888979,Consumed
73.5,1,0.1,3138.8873,11.7,44.57219966,Consumed
72.9,1,0.1,2158.299,11.2,244.5352767,Consumed
73,1,0.1,1643.758397,10.9,20.21822828,Consumed
73,1,0.1,1191.96192,10.9,97.74087744,Consumed
72.7,1,0.1,93.1661567,10.8,7.341493148,Consumed
72.6,1,0.1,783.261699,10.8,57.17810403,Consumed
72.6,1,0.1,694.435119,11.1,53.19373012,Consumed
72,1,0.1,622.7427477,11.2,32.75626853,Consumed
72.5,5,0.1,7891.299776,12.2,306.1824313,Negligible
72.2,5,0.1,7875.756953,11.9,275.6514934,Consumed
71.9,5,0.1,7496.335728,11.8,285.6103912,Negligible
71.6,5,0.1,7189.691229,11.7,263.142699,Consumed
71.1,5,0.1,5842.85784,11.7,246.5686008,Consumed
78,6,0.1,495.294791,11.6,22.48638351,Consumed
73,6,0.1,5574.6382,11.6,206.2616134,Consumed
73,6,0.1,3851.437869,11.6,176.0107106,Negligible
69.2,6,0.1,2473.85776,10.7,105.6337264,Negligible
68.4,6,0.1,1578.4239,11.2,81.28883085,Negligible
68.4,6,0.1,145.2163,11,8.59680496,Negligible
67.8,7,0.1,883.6439965,10.8,42.41491183,Negligible
67.8,7,0.1,763.73858,10.6,39.33253687,Negligible
71.4,98,0.1,184.56543,10,10.44640334,Negligible
71,104,0.1,951.8894535,10,52.82986467,Negligible
77,111,0.1,856.342857,9.9,59.2589257,Negligible
73,118,0.1,835.789341,9.4,62.34988484,Negligible
69.9,126,0.1,757.6717572,8.9,62.65945432,Negligible
69.5,135,0.1,681.125368,8.4,53.26400378,Negligible
69.1,144,0.1,615.7775411,8.6,42.48865034,Negligible
68.6,154,0.1,541.651484,8.6,46.36536703,Negligible
68.2,164,0.1,494.51466,8.4,42.3304549,Negligible
67.8,174,0.1,484.155471,8.2,38.05462002,Negligible
67.3,185,0.1,46.7579167,8.1,4.11469667,Negligible
66.8,196,0.1,432.7388972,7.9,35.48458957,Negligible
72,0,0.1,8318.429294,15.7,1147.1114,Consumed
71.7,0,0.1,7978.825443,15.7,1109.854619,Consumed
71.9,0,0.1,694.243915,15.6,91.70962117,Consumed
72,0,0.1,6519.71753,15.5,846.9113071,Consumed
73,0,0.1,63.38877,15.5,8.49409518,Consumed
70,0,0.1,5176.172649,15.4,434.7985025,Consumed
70,1,0.1,6376.183153,15.1,501.8056141,Consumed
69.8,1,0.1,4735.484827,14.9,464.077513,Consumed
68.9,1,0.1,3848.215966,14.6,364.426052,Consumed
68.1,1,0.1,3126.71767,14.4,45.65007798,Consumed
68.2,1,0.1,2378.33927,14.1,42.33443901,Consumed
67.7,1,0.1,1819.525644,13.9,23.83578594,Consumed
67.2,1,0.1,1479.383142,13.6,145.4233629,Consumed
67.7,1,0.1,1244.373185,13.3,14.06141699,Consumed
68,1,0.1,1276.28834,13.1,24.24947846,Consumed
70,0,0.2,4852.223666,12.8,670.0920883,Consumed
69.8,0,0.2,4688.538443,12.9,629.2018591,Consumed
69.4,0,0.1,4673.63848,12.5,582.8027185,Consumed
69.4,0,0.5,4516.24675,12.4,605.6286892,Consumed
69.5,0,0.2,4344.15177,12.4,569.9527122,Consumed
69.5,0,0.3,4258.788611,12.7,549.8096097,Consumed
69.6,0,0.1,447.22796,12.8,51.25232422,Consumed
69.6,0,0.6,4324.876427,12.8,69.63051047,Consumed
69.4,0,0.6,4187.3783,12.3,387.3324928,Consumed
69,0,0.8,3933.332215,12.8,365.799896,Consumed
68.7,0,0.8,3831.53819,12.5,325.6807462,Consumed
68.4,0,1.5,3679.99523,12.2,312.7995946,Consumed
68.5,0,0.1,3556.561825,11.9,262.8299189,Consumed
68.2,0,0.4,3419.275719,11.8,251.6586929,Consumed
68.3,0,0.3,3364.423711,11.7,219.0239836,Consumed
59.7,25,1.1,943.686575,10.7,90.12206791,Negligible
59.5,25,1.2,915.2674586,10.3,87.4080423,Negligible
59.3,25,1.3,837.9551,10,9.80407467,Negligible
59.1,25,1.4,825.9427854,9.8,110.2633619,Consumed
58.7,25,1.4,757.695974,9.5,94.25737917,Consumed
58.4,25,1.6,793.45243,9.3,71.01399249,Consumed
57.6,25,1.8,82.1513498,9.1,7.615430126,Consumed
57.1,25,2,76.535419,8.9,7.49281752,Consumed
56.8,25,2,625.8392,8.7,75.91429496,Consumed
56.5,25,2.1,61.799977,8.5,7.106997355,Consumed
56.1,25,2.1,583.493514,8.1,10.73628066,Consumed
55.8,25,2.1,519.2922847,7.7,8.931827297,Consumed
55.6,25,2.1,418.6985763,7.3,40.48815233,Consumed
69.4,0,0.5,2522.7968,12.5,209.3921344,Negligible
69.1,0,0.6,235.882889,12.6,19.79057439,Negligible
68.7,0,0.6,2422.816,12.3,188.7373664,Negligible
68.3,0,0.5,2458.45976,11.9,289.8524057,Negligible
67.9,1,0.5,2178.921383,11.4,244.0391949,Negligible
67.4,1,0.4,177.234497,10.9,27.48907048,Negligible
67,1,0.4,1795.18137,10.5,302.667579,Negligible
66.5,1,0.3,1741.142552,10.1,283.806236,Negligible
65.8,1,0.3,1335.45696,9.6,169.2023968,Negligible
65,1,0.3,1247.61392,9.2,145.5965445,Negligible
64.2,1,0.3,197.45788,8.8,2.586698228,Negligible
63.3,1,0.2,997.7417141,8.4,19.15664091,Negligible
62.5,1,0.1,885.6382245,8,151.9755193,Negligible
61.7,1,0.1,87.9387673,7.6,8.574029812,Negligible
62,1,0.1,765.8632358,7.3,93.35872844,Negligible
77.2,0,0.1,5193.94932,14.2,732.8662491,Consumed
77,0,0.1,535.86555,14.2,75.61062911,Consumed
76.8,0,0.1,4716.673325,13.9,693.8226461,Consumed
76.9,0,0.1,55.156834,13.4,7.959131146,Consumed
76.4,0,0.1,4611.47298,13.3,630.3883564,Consumed
76.1,0,0.1,4697.89732,13.3,645.021302,Consumed
76,0,0.1,575.31664,13.1,66.04635027,Consumed
75.4,0,0.1,418.292176,12.9,8.240355867,Consumed
75.7,0,0.1,344.321698,12.7,38.25414065,Consumed
75,0,0.1,2968.41186,12.5,45.71354264,Consumed
75.5,0,0.1,265.642661,12.3,3.479918859,Consumed
65.1,2,2.3,7497.762376,12.6,662.802194,Negligible
64.2,2,2.8,77.625783,12.6,1.117811275,Negligible
63.4,2,4.4,729.231453,12.5,12.83447357,Negligible
62.2,2,5.5,7645.21469,12.4,668.9562854,Consumed
61.1,2,6.2,6346.15624,12.3,547.0386679,Consumed
59.2,2,9,5185.729845,12.2,426.7855662,Consumed
57.5,2,12.7,5623.379566,12.1,476.8625872,Consumed
56.9,2,13.4,5714.47937,12.1,512.5887995,Consumed
54.8,2,14.4,5374.554867,11.9,76.31867911,Consumed
51.7,2,20.6,5351.253732,11.9,629.8425643,Consumed
48.1,2,28.4,4896.583835,11.8,469.5823898,Consumed
46.4,2,31.9,4163.6596,11.8,299.3671252,Consumed
46,2,34.6,355.618382,11.9,6.3300072,Consumed
46.7,2,37.2,3128.97793,11.8,306.9527349,Consumed
47.8,2,38.8,3349.68823,11.7,250.8916484,Consumed
74.8,44,0.1,1226.61731,15.2,83.16465362,Consumed
74.7,46,0.1,12216.9446,14.2,916.270845,Consumed
74.5,49,0.1,12291.46685,14.2,843.1946259,Consumed
74.1,51,0.1,13167.47289,14,1084.999766,Consumed
73.8,54,0.1,11224.1548,13.8,1111.191325,Consumed
73.6,57,0.1,8553.3847,13.8,564.5233902,Consumed
73.4,61,0.1,8787.61375,13.3,526.3780636,Consumed
73.3,65,0.1,7313.557962,13.5,394.9321299,Consumed
73,70,0.1,586.145975,13.8,30.30374691,Consumed
72.7,75,0.1,477.182746,13.8,23.76370075,Consumed
72,81,0.1,3623.47667,14,186.6090485,Consumed
71.8,88,0.1,359.587582,14.8,15.85781237,Consumed
71.4,95,0.1,2819.649531,14.6,140.9824766,Consumed
71,103,0.1,3146.95177,14.3,149.4802091,Consumed
75,111,0.1,3739.11936,14.1,179.4777293,Consumed
59.3,39,0.6,75.1464113,7.7,8.386339501,Negligible
59,40,0.7,699.452847,7.5,88.97040214,Consumed
58.6,41,0.8,673.8227,7.2,78.76987363,Consumed
58.1,42,0.9,666.842783,6.7,85.55592906,Consumed
57.5,43,1,575.4464527,6.3,90.46018236,Consumed
56.9,44,1.1,552.7455521,5.9,81.14304705,Consumed
56.1,45,1.5,569.7612784,5.4,107.7988339,Consumed
55.3,46,1.7,475.11122,4.9,73.92730583,Consumed
54.3,47,2,422.6332374,4.7,64.24025208,Consumed
59.1,22,0.7,312.7489794,10.6,41.25159038,Negligible
58.6,22,1,282.7555252,10.5,40.15128458,Negligible
58,22,1.2,265.285651,10.3,38.73170505,Negligible
57.4,22,1.5,26.479973,9.9,3.595980333,Consumed
56.8,23,1.9,231.1943256,9.3,31.14187566,Consumed
56.2,23,2.4,24.944652,8.6,2.030494673,Consumed
55.3,23,2.9,196.2472628,7.9,15.99415192,Consumed
54.8,24,3.4,17.79995,7.2,1.72659515,Consumed
54.1,24,3.8,165.8794176,5.9,21.24915339,Consumed
53.4,24,4.3,15.57434,5.6,1.747440948,Consumed
52.6,24,4.8,127.4296648,5.2,11.22655347,Consumed
73,0,0.2,3529.61843,13.5,414.0242418,Negligible
72.8,0,0.2,3558.796314,13.6,325.6298627,Negligible
72.7,0,0.3,348.482762,13.2,33.55888998,Negligible
72.6,0,0.3,367.429453,13.1,4.409153436,Consumed
72.5,0,0.4,3312.825985,12.7,286.8907303,Consumed
72.4,0,0.4,3444.5566,12.4,339.9777364,Consumed
72.4,0,0.4,3638.95946,12.2,360.6208825,Consumed
72.3,0,0.6,3112.285712,11.9,345.463714,Consumed
72.1,0,0.6,234.28992,11.9,26.45133197,Consumed
71.8,0,0.8,248.13459,11.2,3.349816965,Consumed
71.4,0,0.8,1976.45856,11.1,240.139715,Consumed
71.1,0,0.9,1768.92132,11.3,209.0865,Consumed
77,0,0.8,1373.515636,11.3,155.2072669,Consumed
68.3,11,0.2,198.687123,10.9,12.17952064,Negligible
67.8,11,0.2,128.419568,10.8,8.758214538,Negligible
67.4,12,0.3,95.244132,10.7,6.914723983,Negligible
67,13,0.3,882.491462,10.7,60.18591771,Consumed
66.6,14,0.5,785.6928841,10.6,56.88416481,Consumed
66.1,15,0.6,738.2326684,10.5,48.35423978,Consumed
65.6,16,0.7,745.7877873,10.5,53.10009046,Consumed
65,16,0.9,631.675789,10.3,57.73516711,Consumed
64.1,17,1.1,539.8791529,10.1,51.50447119,Consumed
56.7,47,3.7,1441.1417,10.4,61.39263642,Negligible
56.4,48,4,1365.34419,10.4,63.07890158,Negligible
55.9,50,4.6,1255.648189,10.4,68.55839112,Negligible
55.6,51,4.9,1295.649726,10,83.18071241,Consumed
55.3,53,5.5,1182.869227,9.7,100.8987451,Consumed
54.8,54,6.3,123.19538,9.2,9.042540892,Consumed
54.2,56,6.7,1233.524316,8.8,68.7073044,Consumed
53.6,57,7,111.71186,8,7.562892922,Consumed
53.3,58,7.2,12.989164,8.2,0.962497052,Consumed
52.8,58,7.4,952.1872484,8.3,73.03276195,Consumed
82,2,0.1,544.43376,15.9,102.1902168,Consumed
81.8,2,0.1,52413.72116,15.9,9733.228019,Consumed
81.6,2,0.1,52496.69487,15.9,9748.636237,Consumed
81.5,2,0.1,5282.2176,15.9,971.9280384,Consumed
81.2,2,0.1,47447.4762,15.9,8649.674911,Consumed
81,2,0.1,4773.45436,15.9,864.94993,Consumed
87,2,0.1,46596.33599,15.8,8433.936814,Consumed
85,2,0.1,44544.5268,15.8,7946.743581,Consumed
85,2,0.1,4386.69948,15.8,771.1817686,Consumed
81,2,0.1,36189.58838,15.8,6333.177967,Consumed
80,2,0.1,31979.87195,15.8,5513.329924,Consumed
79.7,2,0.1,28172.14883,15.8,4687.845565,Consumed
58,15,4.5,377.132274,7.1,53.43964323,Negligible
49.9,16,5.1,337.4849614,7.1,52.37766601,Negligible
53,16,5.1,486.41114,7.1,7.344808214,Negligible
49.8,16,5.8,494.336779,6.8,58.52947463,Consumed
49.2,17,6.6,446.4434494,6.6,43.48359197,Consumed
48.6,17,7.3,449.961839,6.4,40.45156933,Consumed
52.6,46,2.9,125.998515,7.3,11.3020668,Negligible
52.2,46,3.1,986.13177,7.3,76.52382535,Negligible
51.8,46,3.6,973.472574,7.3,57.8242709,Negligible
51.6,46,3.9,989.2363633,6.7,67.76269089,Negligible
51.2,46,4.1,896.5697341,6.7,43.57328908,Negligible
57,46,4.4,84.455939,6.3,4.982900401,Negligible
49.6,46,4.7,929.772391,6,49.09198224,Negligible
83,2,0.1,14817.37778,16.2,2352.999591,Consumed
81,2,0.1,15941.39722,15.6,2442.222054,Consumed
79.9,2,0.1,15431.9293,15.5,2260.777642,Consumed
79.8,2,0.1,1475.69242,15.4,211.614293,Consumed
79.1,2,0.1,1286.17764,15.2,177.4925143,Consumed
79.3,2,0.1,1243.32824,15.3,181.525923,Consumed
79.6,2,0.1,1781.3668,15.2,241.5533381,Consumed
78.9,2,0.1,1526.87746,14.8,209.4875875,Consumed
78.9,2,0.1,9484.681227,14.9,1275.689625,Consumed
75.8,171,0.1,7683.5238,13.1,109.8743903,Consumed
75.6,185,0.1,777.77594,12.7,9.955532032,Consumed
75.4,201,0.1,6337.882993,12.4,94.4344566,Consumed
75.2,215,0.1,5633.79616,12.8,91.26749779,Consumed
75,231,0.1,456.512487,12.5,5.660754839,Consumed
74.9,248,0.1,3838.434292,12.2,50.28348923,Consumed
74.5,266,0.1,3471.247547,11.9,39.22509728,Consumed
74.4,285,0.1,2695.366223,11.4,312.6624819,Consumed
74.2,307,0.1,299.229676,11,29.74342979,Consumed
73.9,332,0.1,1753.4178,10.6,171.6596026,Consumed
73.5,360,0.1,158.668462,10.2,1.58668462,Consumed
73.1,391,0.1,1288.642924,9.9,122.9365349,Consumed
72.7,422,0.1,1148.5857,9.7,106.3590358,Consumed
72.2,457,0.1,153.1824,9.6,14.23064496,Consumed
71.7,490,0.1,959.372181,9.5,17.46057369,Consumed
74.6,11,0.1,7913.383432,13.6,1435.487755,Consumed
74.4,11,0.1,83.5863,13.3,15.16255482,Consumed
74.3,11,0.1,7884.984429,13.2,1487.896562,Consumed
74.2,12,0.1,7227.73968,13,184.3073618,Consumed
73.6,12,0.1,625.65544,12.8,113.2436346,Consumed
73.6,13,0.1,5148.422113,12.4,941.6464045,Consumed
73.5,14,0.1,5433.7245,12.2,978.07041,Consumed
73.5,14,0.1,4674.21961,11.9,780.5946749,Consumed
73.1,15,0.1,379.78776,11.5,62.43710774,Consumed
73.1,15,0.1,3386.256,11.1,531.9808176,Consumed
72.8,16,0.1,274.249442,11.3,42.17956418,Consumed
72.4,16,0.1,2246.257472,11.6,417.8038898,Consumed
71.8,17,0.1,2355.725857,11.5,393.8773633,Consumed
71.5,17,0.1,2395.856551,11.4,404.4205858,Consumed
71.4,18,0.1,2472.197831,11.3,477.1341814,Consumed
63.2,1,0.8,852.954379,11.1,73.86584922,Negligible
62.9,1,0.8,834.341949,10.9,61.57443584,Negligible
62.5,2,0.8,788.632653,10.8,78.39008571,Negligible
62.2,2,0.2,829.7586885,10.6,59.6596497,Negligible
61.8,2,0.1,769.1742883,10.5,47.30421873,Negligible
61.3,2,0.1,778.5454199,10.3,56.98952474,Negligible
61,2,0.1,795.97519,10.2,93.36788979,Negligible
66,2,0.1,72.759313,10,9.087638194,Negligible
63,2,0.1,648.38717,9.9,77.0283958,Negligible
60,2,0.1,621.93372,9.7,69.9675435,Negligible
59.8,2,0.1,616.4197236,9.5,7.212110766,Negligible
59.6,2,0.1,544.566526,9.2,45.09010835,Negligible
79.5,1,0.1,1647.44179,13.9,384.5129138,Consumed
79.4,1,0.1,1569.66631,13.7,386.1379123,Consumed
79.2,1,0.1,9985.36959,13.6,2568.237059,Consumed
79,1,0.1,9186.59639,13.4,2429.854745,Consumed
78.1,1,0.1,8199.414621,13.3,2377.010299,Consumed
79.2,1,0.1,689.396224,13.1,24.88720369,Consumed
78.9,1,0.1,6911.136136,12.9,1859.095621,Consumed
78.9,1,0.1,612.623418,12.8,150.8891479,Consumed
78,1,0.1,5245.187372,12.6,1185.412346,Consumed
78.6,1,0.1,4697.11135,12.4,1002.833273,Consumed
77.7,1,0.1,4425.57467,12.2,1043.10795,Consumed
78,1,0.1,4167.71417,12.1,1070.268999,Consumed
78.3,1,0.1,462.14965,11.9,112.9493745,Consumed
77.5,1,0.1,3981.52847,11.7,868.3713593,Consumed
77.6,1,0.1,388.363689,11.6,94.17819458,Consumed
63,1,2.1,174.91511,6.3,24.73299655,Negligible
62.7,1,2.1,1622.637974,6.3,229.4410095,Negligible
62.2,1,1.9,1536.15685,6.3,217.2125786,Negligible
61.8,1,2.7,143.986898,5.9,20.35974738,Negligible
61.3,1,3.1,1325.99724,5.5,187.4960097,Negligible
69,1,3.2,1253.657431,5.3,177.2671607,Negligible
62,1,3.3,1214.77118,5,171.7686449,Negligible
59.8,1,3.5,147.586896,4.5,20.86878709,Negligible
73.6,6,0.3,6268.692122,13.2,1088.244952,Consumed
73.4,6,0.3,627.55544,13.2,97.52211538,Consumed
72.1,6,0.4,5968.876767,13.1,857.1307037,Consumed
73.1,6,0.7,5759.643,13,843.7876995,Consumed
72.7,6,0.9,5451.6696,12.9,664.5585242,Consumed
73.6,6,1.2,4952.67753,12.9,587.8828228,Consumed
73.3,6,1.4,511.37937,12.8,49.09241952,Consumed
72.9,6,1.6,4647.31359,12.7,74.8217488,Consumed
72.3,7,1.8,3836.468771,12.6,352.9551269,Consumed
69.7,7,2,3681.5993,12.6,289.7418649,Consumed
69.3,7,2.1,2421.9662,12.5,182.6162515,Consumed
73,7,2.3,2372.628827,12.4,293.0196601,Consumed
71.4,7,2.4,38.46578,12.3,4.67359227,Consumed
71.2,7,2.5,2862.154836,12.3,340.0239945,Consumed
72,7,2.5,282.4242,12.2,44.79247812,Consumed
76,6,0.1,6432.216537,14,79.11626341,Consumed
76,6,0.1,674.9829,13.4,59.12850204,Consumed
75.5,7,0.1,572.14313,13.3,41.88087712,Consumed
75.3,7,0.1,5223.351763,13.2,344.7412164,Consumed
75,7,0.1,4657.32361,13.1,367.9285652,Consumed
75.1,7,0.1,4255.56571,13.1,282.1440066,Consumed
74.6,7,0.1,4274.95265,13,197.9303077,Consumed
74.7,7,0.2,359.71886,12.9,19.60467787,Consumed
74.4,8,0.3,335.786541,12.8,19.13983284,Consumed
74.2,8,0.3,321.942547,12.8,18.09317114,Consumed
74.4,8,0.3,278.557892,12.7,16.37920405,Consumed
74.4,8,0.3,244.46898,12.6,18.26183281,Consumed
73.6,8,0.3,2183.966796,12.5,187.3843511,Consumed
73.4,9,0.3,193.741571,12.4,14.5887403,Consumed
72.8,9,0.3,1451.29776,12.4,84.17527008,Consumed
73.3,2,0.2,3988.771871,13.2,665.7260253,Consumed
73,2,0.2,3895.664491,13.2,653.6925016,Consumed
73,2,0.3,3827.786267,13.2,591.7757569,Consumed
72,2,0.3,3736.58713,13,549.2783081,Consumed
72,2,0.3,3474.392445,12.9,469.3904193,Consumed
71.4,2,0.3,3366.482133,12.8,416.4338399,Consumed
71.7,2,0.3,357.347674,13.4,53.95949877,Consumed
71.2,2,0.3,334.83817,12.9,52.30172215,Consumed
75,3,0.2,362.951768,12.9,57.74562629,Consumed
71,3,0.2,2835.281237,12.7,440.6027042,Consumed
70,3,0.3,2632.79942,12.4,398.6058322,Consumed
69.9,3,0.3,2519.737387,12,400.1342971,Consumed
73,3,0.4,248.4125,11.8,29.68529375,Consumed
68.9,4,0.4,2338.772244,11.6,332.1056586,Consumed
69,4,0.4,2238.4116,11.3,353.6690328,Consumed
57.9,3,4.4,192.59733,9.2,13.40477417,Negligible
62.9,6,0.7,582.775532,5,20.97991915,Negligible
62.1,6,0.9,482.14994,5.1,17.35739784,Negligible
61.4,6,1,43.7544499,5.2,1.575160196,Negligible
67,6,1.1,326.825642,5.2,11.76572311,Negligible
62,6,1.3,317.3294336,5.3,11.42385961,Consumed
59.7,7,1.4,297.828588,5.3,10.60269773,Negligible
59.4,7,1.6,276.75896,5.4,5.064688968,Negligible
59.1,7,1.8,287.4222243,5,10.26097341,Negligible
58.8,7,1.9,232.7945459,4.7,6.913998013,Negligible
58.5,7,1.9,21.7687981,4.4,0.703132179,Negligible
77.3,0,0.1,19941.45532,16.5,2700.07305,Negligible
76.9,0,0.1,1929.7746,16.5,261.2914808,Negligible
76.3,0,0.1,17421.8922,16.5,2263.103797,Negligible
76.1,0,0.1,17454.84342,16.4,2146.945741,Negligible
75.6,0,0.1,14638.6482,16.2,1802.017593,Consumed
74.9,0,0.1,14726.31828,16.1,1717.088711,Consumed
74.2,0,0.1,1894.5485,16.1,225.0723618,Consumed
73,0,0.1,16586.452,16.1,1904.12469,Consumed
73,0,0.1,12595.4165,16.1,244.3510801,Consumed
72.8,0,0.1,1338.31322,15.9,153.5045263,Consumed
72.3,0,0.1,885.465115,15.7,101.1201161,Consumed
64.2,140,0.6,571.1622759,8.4,89.95805845,Negligible
63.7,145,0.9,52.1535887,8.4,8.313282039,Consumed
63.3,150,1.2,468.567249,8.4,86.82551124,Consumed
62.6,156,1.4,354.8463544,8.2,67.77565369,Consumed
61.8,162,1.7,341.39992,8.1,67.73374413,Consumed
68,169,2,379.7566385,8.1,53.77354001,Consumed
59.8,177,2.4,325.3825543,7.6,38.55783268,Consumed
58.5,186,2.8,243.326822,7.1,30.46451811,Negligible
69.7,0,0.1,546.3728,15.2,50.539484,Negligible
69.6,0,0.1,4763.68956,15,460.6487805,Negligible
69.4,0,0.1,4546.73854,14.9,431.4854874,Negligible
69.2,0,0.1,4353.121392,14.7,401.7931045,Negligible
69.1,0,0.1,3651.966784,14.6,62.08343533,Consumed
68.9,0,0.1,3369.48247,14.5,60.65068446,Consumed
68.7,0,0.1,4177.657789,14.3,81.04656111,Consumed
68.6,0,0.1,478.82327,14.2,5.889526221,Consumed
68.5,0,0.1,3749.939813,14,52.1241634,Consumed
68.3,0,0.1,3658.63832,13.9,64.39203443,Consumed
68.1,0,0.1,3332.918533,13.4,43.99452464,Consumed
68,0,0.1,2835.973972,13.3,253.8196705,Consumed
67.9,0,0.1,2259.55796,13.3,206.071686,Consumed
67.8,0,0.1,238.891729,13.2,20.7119129,Consumed
67.7,0,0.1,276.1338,13.1,31.25834616,Consumed
82.2,3,0.1,42955.24287,16.2,6739.677606,Consumed
82,3,0.1,42554.1225,16.2,6646.953935,Consumed
81.5,3,0.1,4838.2444,16.1,751.3793553,Consumed
81.7,3,0.1,4381.288,16.1,683.9190568,Consumed
81.3,3,0.1,473.34279,16,72.8001211,Consumed
81.1,3,0.1,41631.13141,16,6415.35735,Consumed
89,3,0.1,45413.6571,16.1,7002.785925,Consumed
89,3,0.1,416.58397,16.1,64.73714894,Consumed
86,3,0.1,36544.5853,16.1,5689.991931,Consumed
81,3,0.1,34879.72633,15.5,5451.701225,Consumed
82,3,0.1,33874.74255,15.5,5291.234786,Consumed
79.3,3,0.1,29691.18158,15.4,4572.441963,Consumed
79.2,3,0.1,24275.2426,15.5,3779.655273,Consumed
79,3,0.1,22527.31775,15.6,3451.185079,Consumed
78.8,3,0.1,22465.64184,15.7,3410.284431,Consumed
65.5,2,2.8,9692.163874,12.6,715.2816939,Negligible
64.6,2,3.7,9679.742995,12.5,154.8758879,Consumed
63.5,2,4.9,9774.18117,12.5,805.3925284,Consumed
62.8,2,6,1716.2258,12.5,133.5223672,Consumed
62.3,2,7,8754.113376,12.5,145.318282,Consumed
61.7,2,8,763.66223,12.4,52.31086276,Consumed
61.6,2,8.9,194.2746,12.4,11.05422474,Consumed
61.6,2,10,8352.81711,12.4,545.4389573,Consumed
61.4,2,10.7,727.777345,12.4,40.53719812,Consumed
65,2,10.9,6741.2939479999995,12.4,353.2438029,Consumed
74.5,1,0.1,4429.6575,13.5,221.482875,Consumed
74.5,1,0.1,4274.376857,13.5,180.3787034,Consumed
74.2,1,0.1,4142.869175,13.4,158.2576025,Consumed
73.9,1,0.1,3725.63221,13.3,198.94876,Consumed
73.8,1,0.1,2964.47734,13.3,194.1732658,Consumed
73.2,1,0.1,276.588512,12.8,18.5314303,Consumed
73.9,1,0.1,3174.9491,13.1,151.762567,Consumed
74.4,1,0.1,2492.12878,12.5,106.164686,Consumed
73.9,1,0.1,1872.68416,12.6,110.1138286,Consumed
73.9,1,0.1,153.57521,12.2,9.444875415,Consumed
72.3,1,0.1,127.367228,12,7.132564768,Consumed
72.7,1,0.1,928.18227,11.8,70.54185252,Consumed
71.7,2,0.1,779.3845935,11.8,60.55818291,Consumed
73,2,0.1,733.974142,11.7,57.10318825,Consumed
71.8,2,0.1,691.997711,11.4,47.81704183,Consumed
62.1,37,0.8,1432.227943,11.7,97.67794571,Negligible
61.9,38,0.9,1814.492297,11.5,28.66897829,Negligible
61.6,39,0.9,1629.8222,11.2,151.899429,Negligible
61.2,40,1.3,1574.978653,10.9,225.2219474,Consumed
69,40,1.9,1312.67557,10.5,195.9824626,Consumed
66,41,2.1,186.76538,10.4,30.72290501,Consumed
63,41,2.2,1224.41554,9.8,161.0106435,Consumed
59.9,41,2.6,19.686718,9.1,3.181373629,Consumed
59.4,41,2.9,922.9351677,8.7,129.0263364,Consumed
58.9,41,3.1,498.172394,8.1,78.71123825,Consumed
58.3,41,3.2,423.1936389,7.7,53.23775977,Consumed
57.9,41,3.4,373.2815537,7.9,31.09435342,Consumed
57.6,42,3.5,39.484473,7.6,3.336437969,Consumed
88,0,0.1,21673.7817,17.2,2163.043414,Consumed
86,0,0.1,21874.8195,17.1,2183.106986,Consumed
84,0,0.1,22242.68193,16.8,2528.992935,Consumed
85,0,0.1,25916.29353,16.7,3192.887363,Consumed
83,0,0.1,26917.75898,16.4,3189.754439,Consumed
80,0,0.1,2971.973,16.2,372.6854142,Consumed
79.9,0,0.1,31997.2821,15.9,3682.88717,Consumed
79.4,0,0.1,28827.32636,16.4,3632.243121,Consumed
79.7,0,0.1,2481.15781,16.3,318.5806628,Consumed
79.3,0,0.1,22551.73574,15.6,2785.139364,Consumed
79.2,0,0.1,21955.149,15.3,287.6124519,Consumed
79.1,0,0.1,18477.57841,15.2,2124.921517,Consumed
79,1,0.1,1411.31339,14.6,160.8897265,Consumed
78.7,1,0.1,12538.17883,14.2,1403.022211,Consumed
78.2,1,0.1,1242.95373,13.9,122.1823517,Consumed
71.7,10,0.4,3687.763767,10.7,657.5282797,Consumed
71.4,11,0.4,3452.828934,10.7,582.1469583,Consumed
71.3,11,0.4,3299.65139,10.6,484.7187892,Consumed
71.1,11,0.4,3187.845296,10.5,457.7745845,Consumed
77,12,0.4,2825.5247,10.5,443.3248254,Consumed
76,12,0.4,2635.753474,10.4,445.4423371,Consumed
79,13,0.4,2794.22189,10.4,472.2234994,Consumed
75,13,0.4,2489.955836,10.1,380.9632429,Consumed
69.7,14,0.4,2256.56724,9.8,352.0244894,Consumed
69.2,14,0.4,277.83438,9.6,41.50845637,Consumed
58.1,27,0.5,561.997387,8.6,50.57976483,Negligible
58.8,27,1,54.169324,8.5,5.140668848,Negligible
58.4,28,1.9,52.3485646,8.5,4.344930862,Negligible
58.1,28,2,459.2912,8.4,42.2547904,Negligible
57.8,29,2.2,438.7513346,8.3,29.74734049,Negligible
57.3,29,2.3,436.6895539,8.1,24.84763562,Negligible
56.8,30,2.3,437.4467238,7.9,19.68510257,Negligible
56.4,31,2.4,49.456775,7.6,1.399626733,Negligible
58.4,4,3.4,642.6256154,9.2,50.06053544,Negligible
58.1,4,4.5,61.566347,9.1,8.20063742,Negligible
57.6,4,5.3,67.7518833,9.1,0.948526366,Negligible
57.1,4,5.7,692.69989,9,40.45367358,Consumed
56.7,4,5.9,543.957418,8.9,53.30782696,Consumed
56.3,4,6,544.222779,8.9,47.12969266,Consumed
66,0,0.3,43.82321,10.3,4.141293345,Consumed
65.9,0,0.3,3944.178173,10.3,345.9044258,Consumed
65.8,0,0.3,3785.935665,10.6,497.4719464,Consumed
65.6,0,0.4,3439.597513,10.3,536.2332523,Consumed
65.9,0,0.4,326.281212,10.2,48.02859441,Consumed
66.1,0,0.3,2716.35256,10.5,466.6693698,Consumed
66.3,1,0.8,2576.124957,10.7,493.3279293,Consumed
65.7,1,1.9,2327.58324,11.2,362.8702271,Consumed
65.2,1,1.1,1945.6395,11.7,170.6325842,Consumed
65,1,1.8,198.455216,11.4,17.46405901,Consumed
65.1,1,1.9,145.58861,11.2,1.776181042,Consumed
65.3,1,2.1,986.7958173,11.1,16.47949015,Consumed
65.3,1,2.3,96.8674827,11,10.9363388,Consumed
65.4,1,1.7,925.582546,10.9,15.54978677,Consumed
63.1,14,0.5,83.1148117,9.1,5.103249438,Negligible
62.7,14,0.5,81.265673,9.1,4.989712322,Consumed
74.5,3,0.3,2242.711912,11.4,345.3776344,Consumed
74.3,4,0.4,2136.77395,11.6,311.7553193,Consumed
74.1,4,0.4,2178.38325,11.6,363.5721644,Consumed
73.9,4,0.4,212.584798,11.7,32.16407994,Consumed
73.6,4,0.4,1932.85829,11.5,302.1057507,Consumed
73.4,4,0.5,1815.489496,11.3,286.1211446,Consumed
73.2,4,0.6,1751.595857,11.1,231.9112915,Consumed
73,5,0.7,1592.572182,10.9,222.4823338,Consumed
72.8,5,0.8,1437.628785,10.8,192.9297829,Consumed
72.5,5,0.9,1311.741714,10.6,203.7134882,Consumed
72.2,5,1.2,1217.657961,10.4,188.2499208,Consumed
71.9,6,1.4,1157.3427,10.3,194.4335736,Consumed
71.6,6,1.5,1132.8721,10.1,154.8636161,Consumed
71.3,6,1.6,113.4546,9.9,15.36175284,Consumed
71,6,1.7,188.783165,9.8,28.80831098,Consumed
68,957,0.2,1573.11889,11.6,86.52153895,Consumed
67.6,1000,0.2,1452.195373,11.5,67.67230438,Consumed
67.3,1100,0.2,1446.98541,11.3,64.96964491,Consumed
66.8,1100,0.2,1461.671957,10.8,64.6059005,Consumed
66.4,1200,0.2,1345.77153,10.4,57.73359864,Consumed
66,1300,0.2,19.317765,10.5,0.844186331,Consumed
65.5,1300,0.3,991.484634,10.2,43.03043312,Consumed
65.2,1400,0.3,118.166373,9.9,5.234770324,Consumed
64.8,1500,0.3,792.259698,9.7,34.85942671,Consumed
64.4,1500,0.3,77.819,9.4,3.5096369,Consumed
64,1600,0.3,621.3183767,9.2,27.33800857,Consumed
68.9,119,0.3,3491.595887,12.9,200.0684443,Negligible
68.7,124,0.3,362.663981,12.9,22.8478308,Negligible
68.5,129,0.3,3687.953996,12.6,254.4688257,Negligible
68.3,134,0.3,3634.27685,12.3,211.8783404,Negligible
68.1,138,0.3,3113.48635,12.1,190.5453646,Negligible
67.9,143,0.3,2254.44566,11.7,125.7980678,Negligible
67.7,149,0.2,216.52766,11.7,10.26341108,Negligible
67.5,154,0.2,1855.93915,11,102.633435,Negligible
67.3,159,0.1,1586.254,10.9,72.0159316,Negligible
67.2,163,0.1,126.928834,11.1,5.381782562,Negligible
65.3,174,0.1,1148.56996,11,55.36107207,Negligible
66.9,173,0.1,164.59447,10.8,8.460155758,Negligible
66.7,177,0.1,899.5556857,10.6,43.17867291,Negligible
66.5,182,0.1,747.9817455,10.6,33.95837125,Negligible
66.3,187,0.1,78.92744,10.7,3.43334364,Negligible
67.9,32,0.1,673.74737,10.1,43.5240801,Negligible
69.5,32,0.1,6925.22446,10.3,447.3695001,Negligible
76,32,0.1,6651.12242,10.5,429.6625083,Negligible
77,32,0.1,5854.614497,10.4,285.119726,Negligible
76,32,0.1,452.74948,10.4,21.82252494,Negligible
74,32,0.1,3735.144836,10.3,185.6366983,Negligible
69.3,32,0.1,4521.3247,10.3,192.1562998,Negligible
65.9,31,0.1,3129.224922,10.2,146.7606488,Negligible
64.7,31,0.1,2351.812429,10.2,75.25799773,Negligible
66.8,31,0.1,1849.63911,10.1,59.18845152,Negligible
67.2,30,0.1,1391.816923,9.8,44.12059646,Negligible
82.2,1,0.1,37582.84624,16,4348.33531,Consumed
82.1,1,0.1,36393.66932,15.9,4279.895512,Consumed
81.8,1,0.1,32569.59683,15.9,3830.184587,Consumed
81.8,1,0.1,33657.15727,15.8,3793.161624,Consumed
81.7,1,0.1,3661.994,15.7,409.4109292,Consumed
81.5,1,0.1,27795.87671,15.6,508.6645438,Consumed
81,1,0.1,29657.4421,15.8,471.5533294,Consumed
84,1,0.1,258.637,15.7,4.3451016,Consumed
84,1,0.1,2195.1769,15.7,33.58620657,Consumed
80,1,0.1,2611.17931,15.8,250.9343317,Consumed
81,1,0.1,19888.172,15.9,1895.342792,Consumed
79.7,1,0.1,18946.99942,16,1731.755747,Consumed
79.3,1,0.1,18431.15696,15.3,1701.195787,Consumed
79.3,1,0.1,236.19646,15.1,22.27332618,Consumed
78.9,1,0.1,2152.1432,15.2,199.9341033,Consumed
75.8,1,0.5,4855.743789,12.8,427.3054534,Consumed
75.6,1,0.6,56.144952,12.8,5.457289334,Consumed
75.3,1,0.5,521.33363,12.8,37.17108782,Consumed
75.2,1,0.6,513.549487,12.8,33.17529686,Consumed
75,1,0.5,4682.728424,12.7,396.6270975,Consumed
74.7,1,0.6,4293.383274,12.7,235.7067417,Consumed
74.5,1,0.4,492.492378,12.6,31.76575838,Consumed
74.2,1,0.9,462.517913,12.5,25.62349238,Consumed
74,1,1.5,4313.1682,12.5,194.092569,Consumed
73.5,1,1.9,482.24762,12.4,16.97511622,Consumed
73.3,1,2.3,3719.97351,11.1,192.3226305,Consumed
73.1,1,2.3,3465.221998,11.9,155.5884677,Consumed
74,4,0.1,466.94775,13.1,63.8784522,Negligible
73.9,4,0.1,3992.86717,13.1,546.6235156,Negligible
73.7,4,0.1,387.753211,12.9,67.70171064,Negligible
73.6,4,0.1,387.324145,13.1,68.86623298,Negligible
73.4,4,0.1,3679.19275,13.2,715.9709092,Negligible
73.3,4,0.1,3492.1396,13.6,668.7447334,Negligible
73.1,4,0.1,3385.69665,13.6,535.2786404,Negligible
73,4,0.1,2762.86354,13.6,373.2628643,Negligible
72.8,4,0.1,2537.349,13.7,313.3626015,Negligible
72.4,4,0.1,223.83787,13.8,27.44252286,Negligible
72.5,4,0.1,261.456882,13.5,32.52523612,Negligible
72.3,4,0.1,1889.213962,13.2,228.7838108,Negligible
72.1,4,0.1,1812.288374,13,259.1572375,Negligible
71.9,4,0.1,1728.2659,12.7,248.697463,Negligible
71.7,4,0.1,1657.889256,12.6,227.296617,Negligible
69.9,5,0.1,1286.56511,15,24.44473709,Consumed
69.5,5,0.1,1389.8561,15,26.4072659,Consumed
69.1,6,0.1,12387.18982,14.7,235.3566066,Consumed
68.5,7,0.1,11634.42422,14.4,179.170133,Consumed
67.8,7,0.1,97.649972,14.5,11.1516268,Consumed
67.8,7,0.1,7165.2775,14.6,808.243302,Consumed
66.6,8,0.1,8513.564645,14.6,708.3285785,Consumed
65.3,8,0.1,6771.414797,14.7,499.730412,Consumed
65,8,0.1,5291.57565,14.3,76.19868936,Consumed
64.6,8,0.1,3771.278957,13.9,351.8603267,Consumed
64.7,8,0.1,2874.288291,13.5,33.91660183,Consumed
64.4,8,0.1,268.123657,13.1,23.43400762,Consumed
64.7,8,0.1,1658.31146,12.7,145.1022528,Consumed
64.4,8,0.1,149.926751,12.3,12.60883976,Consumed
63.9,9,0.1,1229.958,12.1,112.541157,Consumed
62.9,56,2.9,1335.6458,11.1,170.9626624,Negligible
62.6,58,3,1229.114798,11.1,165.9304977,Consumed
62.1,59,3,1155.2582,11.1,154.2269697,Consumed
61.2,60,3.4,987.4453967,11.1,109.7051836,Consumed
63,61,4.3,967.34773,11.1,56.58984221,Consumed
59.1,62,5,92.816252,10.7,7.146851404,Consumed
57.9,64,6.4,916.8992515,10.4,60.5153506,Consumed
56.8,66,9.1,839.181117,10.1,59.83361364,Consumed
55.3,68,10.3,697.66385,9.7,52.60385429,Consumed
54.1,70,11.6,519.7999346,9.6,39.55677502,Consumed
53,72,13.2,458.8843551,8.9,36.29775249,Consumed
52.4,74,14.5,436.6875357,8.2,35.85204668,Consumed
52.1,76,15.7,395.8493511,8.5,32.73674134,Consumed
66.1,0,0.1,1684.54274,11.9,97.87193319,Negligible
65.8,0,0.1,1724.361737,11.9,137.2591943,Negligible
65.7,0,0.1,1763.815497,11.9,147.4549755,Negligible
65.5,0,0.1,1692.613277,11.9,30.46703899,Negligible
65.3,0,0.1,1493.1651,11.9,18.21661422,Negligible
65.2,0,0.1,1297.285141,11.9,162.2903711,Negligible
65.1,0,0.1,1413.3234,11.6,167.6201552,Negligible
65,0,0.1,1357.632211,11.8,188.7108773,Negligible
65,0,0.1,1151.555618,12.1,18.19457876,Negligible
64.9,0,0.1,1214.556667,12.2,111.7392134,Negligible
64.8,0,0.1,113.6286,12.4,10.6242741,Negligible
64.7,0,0.1,115.3865,11.6,1.76541345,Negligible
64.6,0,0.1,826.58554,11.7,70.75572222,Negligible
64.3,0,0.1,734.9492461,10.4,59.97185848,Negligible
64.1,0,0.1,796.7937634,10,11.07543331,Negligible
74.8,1,0.1,8161.4614,13.3,140.3771361,Consumed
74.9,1,0.1,846.285153,13.3,14.55610463,Consumed
75,1,0.1,8787.94668,13.3,151.1526829,Consumed
75,1,0.1,8734.9653,13.2,835.0626827,Consumed
74.9,1,0.1,8763.826274,13.3,805.3956346,Consumed
74.7,1,0.1,84.268878,13.2,8.140373615,Consumed
74.5,1,0.1,712.775759,13.1,69.13924862,Consumed
74.4,1,0.1,614.271115,12.9,8.906931168,Consumed
74.1,1,0.1,5372.65899,13.2,534.5795695,Consumed
73.9,1,0.1,5339.441291,13.7,630.0540723,Consumed
73.7,1,0.1,5424.22356,14.2,618.3614858,Consumed
73.5,1,0.1,5425.6697,14.8,527.9176618,Consumed
73.2,1,0.1,5436.595223,15.2,70.13207838,Consumed
73,1,0.1,5253.122599,15,510.6035166,Consumed
72.7,1,0.1,5334.93329,14.9,404.3879434,Consumed
52.1,4,9.4,1174.839214,10.8,162.1278115,Negligible
52.1,4,9.6,1196.1335,11.1,153.3443147,Negligible
52.2,4,9,1281.516,11,168.1348992,Negligible
52.3,4,10.5,1352.38433,11,195.825251,Consumed
51.1,4,13.4,1173.26212,10.9,154.8705998,Consumed
49.4,4,18.2,923.136931,10.8,104.3144732,Consumed
47.8,5,27.3,934.428563,10.7,91.85432774,Consumed
46.2,4,30,918.432717,10.6,9.18432717,Consumed
45.3,5,34.1,915.775754,10.7,71.15577609,Consumed
44.5,5,34.8,862.9463118,10.7,57.90369752,Consumed
44.8,5,34.6,781.5145936,10.7,67.91361818,Consumed
45.5,5,33.8,63.636279,10.5,5.300902041,Consumed
58.1,8,0.9,458.4651734,9.9,54.37396957,Negligible
61.1,9,1.1,454.1222236,9.8,45.04892458,Negligible
67,9,1.2,415.361958,9.6,48.09891474,Negligible
62,9,1.5,379.689583,9.5,60.44658161,Consumed
59.7,9,1.8,327.42597,9.6,41.91052416,Consumed
59.2,10,2.1,33.667491,9.7,5.592170255,Consumed
58.6,10,2.4,232.61732,9.8,40.03344077,Consumed
65.1,29,0.3,452.4631926,10.3,5.339065673,Negligible
64.7,29,0.4,461.723722,10.3,79.50882493,Negligible
64.3,30,0.4,443.9611,10.2,59.97914461,Negligible
63.8,31,0.4,454.963464,10.2,78.79967196,Negligible
63.3,32,0.5,412.739341,10.2,76.60442169,Negligible
62.8,33,0.5,415.6893226,9.7,71.16601203,Negligible
62.3,34,0.5,47.733254,9.4,6.448762615,Negligible
61.9,35,0.6,377.8482928,9.1,55.43034455,Negligible
61.4,36,0.6,292.157443,9,38.41870375,Negligible
69,37,0.6,274.819723,8.9,33.74786198,Negligible
64,38,0.6,245.1235876,8.7,23.72796328,Negligible
59.9,40,0.7,316.7998965,8.5,37.12894787,Negligible
59.3,41,0.7,262.2859481,8.3,47.5262138,Negligible
57.6,27,5.1,354.7253961,10.7,59.48744893,Negligible
56.7,29,6.3,332.922339,10.7,55.83107625,Negligible
55.3,31,8.3,374.51882,10.7,82.76865922,Negligible
54.1,32,11.2,512.125451,10.6,13.77617463,Consumed
52.9,35,13.7,458.8681744,10.2,9.728005297,Negligible
51.5,36,14.9,42.7379657,9.9,7.915071248,Consumed
50,36,16.9,372.842678,9.6,74.34482999,Consumed
48.5,37,19.3,32.2227274,9.7,4.269511381,Consumed
47.1,38,21.1,297.6971211,9.6,6.847033785,Consumed
46,39,22.4,28.3673842,9.7,5.670640102,Negligible
45.1,40,23.4,274.2256294,10,58.13583343,Consumed
44.6,43,24.2,26.152517,10.3,4.375316094,Negligible
44,46,24.7,29.9798977,10.4,3.885394742,Consumed
74.8,4,0.1,11183.96191,13,721.3655432,Negligible
74.6,3,0.1,1882.27842,12.9,110.6779711,Negligible
74.5,3,0.1,1779.49641,12.9,101.609245,Negligible
74.3,3,0.1,145.1262,13,9.23002632,Negligible
74.1,3,0.1,971.356987,12.8,65.56659662,Negligible
74,3,0.1,7326.744435,12.6,431.5452472,Negligible
73.8,3,0.1,8513.629541,12.5,438.4519214,Negligible
73.7,3,0.1,7269.17114,12.3,409.9812523,Negligible
73.6,3,0.1,6222.982955,12.7,365.9113978,Negligible
73.4,3,0.1,5593.822995,12.9,297.5913833,Negligible
73.2,3,0.1,4955.477743,12.7,315.6639322,Negligible
73.1,3,0.1,4463.675893,12.1,264.2496129,Negligible
72.9,4,0.1,4167.364387,12,216.7029481,Negligible
72.7,4,0.1,3915.11546,11.9,210.2417002,Negligible
72.4,4,0.1,445.17471,11.6,23.37167228,Negligible
78.2,0,0.1,7716.2415,12.7,2051.748615,Negligible
77.9,0,0.1,7112.33575,12.4,1626.591186,Negligible
77.6,0,0.1,6541.7465,12.1,1259.940376,Negligible
77.3,0,0.1,6497.55443,11.8,1079.893546,Consumed
76.7,0,0.1,633.79498,11.6,91.13971812,Consumed
76.3,0,0.1,597.1659,11.8,100.503021,Consumed
75.9,0,0.1,5828.621374,11.8,1077.712092,Consumed
75.4,0,0.1,52.862285,11.9,6.491488598,Consumed
75,0,0.1,4428.522898,12,659.8499118,Consumed
74.3,0,0.1,3488.493769,12.1,620.9518909,Consumed
73.4,0,0.1,3853.33348,12.2,611.9093566,Consumed
72.7,0,0.1,3432.247841,11.8,491.4978908,Consumed
71.8,0,0.1,32.37239,12,4.299053392,Consumed
78,0,0.1,298.67598,11.8,41.30688803,Consumed
69.6,0,0.1,2182.99711,11.3,300.1621026,Consumed
57.8,52,1.6,825.5729915,8.2,46.56231672,Negligible
57.3,53,1.6,777.659139,8,36.86104319,Negligible
57.2,53,1.5,777.3476868,7.7,96.5465827,Negligible
56.8,54,1.5,835.88998,7.5,101.8113996,Negligible
56.5,54,1.5,78.377632,7.3,9.585584394,Negligible
56,55,1.6,697.153124,7.1,84.63438925,Negligible
55.5,55,1.6,689.6784228,5.8,102.1413744,Negligible
55,56,1.7,595.6368319,6.4,81.8405007,Negligible
54.3,57,1.8,521.6425796,6.1,67.70920683,Negligible
53.6,57,1.9,487.942556,5.8,60.21211141,Negligible
52.8,58,2,439.3572924,5.5,57.11644801,Negligible
52,59,2.2,391.791281,5.2,6.660451777,Negligible
63,8,0.9,1326.66882,8.5,80.92679802,Negligible
62.7,8,1.1,145.57838,8.2,8.88028118,Negligible
62.5,8,1.2,1364.283745,7.8,62.48419552,Negligible
62.2,8,1.2,1393.261593,7.7,79.27658464,Negligible
62,8,1.2,123.383675,7.6,8.353074798,Negligible
61.7,8,1.2,146.83851,7.1,11.14504291,Negligible
61.4,8,1.3,1167.535689,7.2,61.76263795,Negligible
61.2,8,1.3,113.3128,7.4,7.35400072,Negligible
69,8,1.3,944.134851,7.2,55.79836969,Negligible
66,8,1.3,697.7451989,7.2,55.12187071,Negligible
74.2,0,0.1,1153.93822,14.7,115.2784282,Negligible
74.1,0,0.1,9637.265,14.7,917.467628,Negligible
73.9,0,0.1,9291.227619,14.3,915.1859205,Negligible
73.6,0,0.1,9197.26972,14.1,918.807245,Consumed
73.3,0,0.2,8.376432,14,0.108055973,Consumed
72.8,0,0.1,7318.12641,13.8,624.2361828,Consumed
72.7,0,0.1,83.635,13.6,6.6489825,Consumed
72.9,0,0.1,6574.654338,13.5,582.5143743,Consumed
71.8,0,0.1,5695.969327,13.4,502.3844946,Consumed
72.1,0,0.1,5116.45424,13,479.9234077,Consumed
71.9,0,0.1,5229.876738,12.8,509.3899943,Consumed
71.5,0,0.1,4623.347642,12.6,407.779262,Consumed
71.5,0,0.1,3957.51296,12.5,369.6317105,Consumed
71.5,0,0.1,3792.182152,12.2,70.15536981,Consumed
71,0,0.1,3861.32414,12.1,336.3213326,Consumed
76.6,31,0.1,1452.27766,13.1,168.173753,Consumed
76.6,32,0.1,1298.86766,12.9,150.408875,Consumed
76.3,33,0.1,982.532572,12.7,112.696486,Consumed
76.1,34,0.1,9834.472689,12.6,1117.196097,Consumed
75.6,35,0.1,8959.581416,12.5,1033.039737,Consumed
75.7,36,0.1,7748.12331,12.5,881.7364327,Consumed
75.6,37,0.1,9689.52887,12.3,159.8772264,Consumed
76,38,0.1,933.341687,12.3,105.7476131,Consumed
75.8,40,0.1,8767.92258,12.2,980.2537444,Consumed
75.3,42,0.1,7986.798439,12.2,998.3498049,Consumed
75.4,44,0.1,7199.59665,12.1,920.8284115,Consumed
75,46,0.1,6751.998987,11.9,781.2062828,Consumed
75,49,0.1,716.8219,11.6,12.1859723,Consumed
75,52,0.1,731.378864,11.6,13.31109532,Consumed
74.8,55,0.1,672.92113,11.4,10.22840118,Consumed
68.4,1,0.1,4181.583321,14.8,281.0023992,Negligible
68.1,1,0.1,4385.379355,14.7,241.1958645,Negligible
67.8,1,0.1,4368.82248,14.7,253.8285861,Negligible
67.3,1,0.1,3769.595255,14.6,257.8403154,Negligible
66.3,1,0.1,265.353659,14.3,22.31624272,Consumed
66.9,1,0.1,1717.898761,13.8,134.1678932,Consumed
67.4,2,0.1,2139.625631,13.4,181.0123284,Consumed
65.9,2,0.1,1634.81431,13,126.698109,Consumed
65,2,0.1,1334.651896,12.7,122.1206485,Consumed
64.5,2,0.1,998.8226671,11.8,98.68367951,Consumed
64,2,0.1,797.8377432,11.2,73.24150483,Consumed
64,2,0.1,646.561295,10.5,56.05686428,Consumed
63.8,2,0.1,571.51883,10.1,55.60878216,Consumed
63.2,2,0.1,524.145924,9.4,61.84921903,Consumed
62.8,2,0.1,474.2133361,8.9,56.431387,Consumed
75.9,0,0.1,7378.345289,15.1,726.0291764,Negligible
75.8,0,0.1,7186.429787,15.1,707.144691,Negligible
75.6,0,0.1,6586.71929,15.1,648.1331781,Negligible
75.4,0,0.1,7318.742449,15.1,666.7374371,Consumed
75.3,0,0.1,6682.281158,15,635.4849381,Consumed
75,0,0.1,6698.79439,14.6,489.6818699,Consumed
74.6,0,0.1,7325.73474,14.2,709.1311228,Consumed
74.2,0,0.1,5957.145693,13.6,678.5188944,Consumed
73.8,0,0.1,4383.59597,13.2,595.7306923,Consumed
74.1,18,0.1,3154.513484,12.1,198.7343495,Negligible
73.9,18,0.1,3111.762887,12.1,179.8598949,Negligible
73.6,19,0.1,294.746728,11.6,19.15853732,Negligible
73.3,19,0.1,339.91616,11.2,22.0945504,Negligible
72.8,20,0.1,2834.2472,10.7,183.6592186,Negligible
72.3,20,0.1,2861.5545,10.5,188.2902861,Negligible
71.8,21,0.1,2884.94776,10.3,171.3658969,Negligible
71.4,21,0.1,2494.353552,10,157.6431445,Negligible
71,22,0.1,2191.478567,10,127.7632005,Negligible
77,22,0.1,213.755559,9.8,9.469371264,Negligible
72,23,0.1,1948.812275,9.6,100.3638322,Negligible
69.9,24,0.1,1721.973863,9.3,88.16506179,Negligible
69.5,25,0.1,1413.757176,8.8,66.72933871,Negligible
69,26,0.1,1336.775376,8.5,71.11645,Negligible
68.6,27,0.1,1332.382358,8,63.42140024,Negligible
56.7,61,4.1,623.2871141,9.1,54.91159475,Negligible
55.3,62,5.1,65.985681,9.1,5.813338496,Consumed
54.8,64,6.9,566.513873,9.2,49.90987221,Consumed
54.3,66,9.6,526.5313517,9.5,40.80617976,Negligible
54,69,10.8,419.2258149,9.3,5.743393664,Negligible
53.8,70,11.3,463.852618,9.2,39.75216936,Consumed
53.2,72,12.6,53.127719,8.8,0.796915785,Consumed
52.1,74,14.1,422.1461573,8.2,53.9502789,Negligible
51.2,78,16.3,385.7567141,7.9,58.59644487,Consumed
58,80,16.2,369.1545359,7.3,67.33378735,Consumed
54,82,15.9,336.3318145,7,46.58195631,Consumed
51,85,15.3,283.8911588,6.7,42.52689559,Consumed
49.8,87,14.5,262.884551,6.2,40.82597077,Consumed
49.5,90,13.4,256.4414872,5.8,37.82511936,Consumed
66.4,40,0.3,1262.893782,9.1,45.33788677,Negligible
66.2,42,0.4,1168.83947,9.1,38.33793462,Negligible
65.9,44,0.5,1171.58257,9.1,38.4279083,Negligible
65.6,47,0.5,1186.423937,9.1,21.23698847,Negligible
65.4,49,0.5,987.7365832,8.8,17.48293752,Negligible
65.2,52,0.6,741.777116,8.5,11.05247903,Negligible
59.2,59,0.6,643.951373,8.2,9.53048032,Negligible
64.5,58,0.6,41.451,8.1,0.5305728,Negligible
64.2,61,0.6,296.97284,8,4.632776304,Negligible
63.9,64,0.5,247.24276,7.9,2.793843188,Negligible
63.5,66,0.5,219.8156688,7.8,4.15451614,Negligible
63.2,69,0.5,219.782326,7.7,3.824212472,Negligible
65.9,2,2.2,5421.343953,11.7,751.3982719,Negligible
66.1,3,2.5,5488.131712,11.6,760.6550553,Negligible
65.8,3,3.7,5749.44752,11.5,796.8734263,Negligible
64.3,3,4.7,56.971392,11.5,7.896234931,Consumed
63,3,6.2,5191.58381,11.4,719.5535161,Consumed
69.6,18,0.1,76.2386977,12.4,8.523486403,Negligible
69.3,19,0.1,688.6172788,12.3,80.15505125,Negligible
68.9,20,0.2,681.7925868,12.3,80.58788376,Negligible
68.4,22,0.2,692.1166842,12,112.1229028,Negligible
68,23,0.2,592.1835216,11.1,84.62302524,Negligible
67.5,25,0.2,48.7299,10.5,6.19357029,Negligible
67,27,0.2,473.844449,10.1,70.27113179,Negligible
66.6,29,0.2,393.8843518,10,52.22906505,Negligible
66,31,0.2,348.6314534,9.6,45.87989927,Negligible
65.4,33,0.2,317.89198,9.4,4.259752532,Negligible
64.7,35,0.2,287.4156,9.3,31.93187316,Negligible
64.3,38,0.1,253.72412,9.2,2.79096532,Negligible
74.5,2,0.1,1975.46477,11.6,473.1238124,Consumed
73.9,2,0.1,1847.19849,11.5,366.4841804,Consumed
73.9,2,0.1,1792.3845,11.5,334.8174246,Consumed
74.5,3,0.1,1682.957924,11.5,321.6132593,Consumed
73.2,3,0.1,1526.497938,11.4,302.7045411,Consumed
73.2,3,0.2,1464.497754,11.3,292.753101,Consumed
72.5,3,0.2,1518.85386,11.1,275.064434,Consumed
72.5,3,0.2,1344.31871,11,253.0007812,Consumed
73,3,0.3,124.992617,11,21.41123529,Consumed
71.2,3,0.3,1175.116225,11,218.5716179,Consumed
71,4,0.3,191.55157,11,36.81621175,Consumed
76,4,0.3,115.565314,11,2.542436908,Consumed
75,4,0.4,11.147277,10.7,2.092343893,Consumed
73,4,0.4,143.6758,10.4,22.35595448,Consumed
73,4,0.4,116.2743,10.1,15.25518816,Consumed
61.4,49,0.5,43.646498,5.3,3.304039899,Negligible
69,49,0.6,416.14838,5.3,31.50243237,Negligible
63,49,0.7,391.515524,5.1,29.75517982,Negligible
59.4,50,0.7,375.5819866,4.8,32.22493445,Negligible
58.2,50,0.9,348.151511,4.5,5.883760536,Negligible
57.1,51,1.1,341.2894618,4.2,5.665405066,Negligible
53.6,490,3.9,3221.678128,10,263.2111031,Negligible
53.2,498,3.9,2996.96432,9.8,194.2032879,Consumed
52.7,505,4.4,2755.297787,9.7,204.7186256,Consumed
52.3,513,4.7,2527.9423,9.6,187.5733187,Consumed
52,521,4.8,2327.3267,9.5,133.1230872,Consumed
51.6,527,4.9,197.661422,9.3,14.5676468,Consumed
59,536,5,1383.893354,9.2,105.5910629,Consumed
55,542,5.2,1136.829645,9.1,104.4746444,Consumed
49.8,549,5.3,119.743286,9,10.35779424,Consumed
49.2,556,5.4,87.8938738,8.9,6.416252787,Consumed
66.2,359,0.1,1316.98966,7.8,62.29361092,Negligible
66,365,0.1,1272.44161,7.7,60.18648815,Negligible
65.7,369,0.1,1261.28967,7.6,59.65900139,Negligible
65.5,371,0.1,1226.215314,7.5,57.87736282,Negligible
65.1,372,0.1,14.142268,7.5,0.66751505,Negligible
64.8,371,0.1,16.63999,7.3,0.697215581,Negligible
64.6,369,0.1,139.31288,7.3,5.447133608,Negligible
64.4,367,0.1,95.4327931,6.7,3.912744517,Negligible
64.2,365,0.1,873.772727,6.5,40.36829999,Negligible
62.9,364,0.1,711.4699463,6.1,30.59320769,Negligible
63.7,364,0.1,649.848233,5.6,28.98323119,Negligible
63.5,366,0.1,563.594342,5.6,24.23455671,Negligible
77.6,1,0.1,12593.7374,13,1842.463782,Consumed
77.5,1,0.1,11685.97983,12.9,1694.467075,Consumed
77.2,1,0.1,1589.82713,12.8,201.7490628,Consumed
77.3,1,0.1,927.723171,12.9,119.2124275,Consumed
76.5,1,0.1,7937.259931,12.8,1199.319976,Consumed
76.8,1,0.1,7429.628274,12.8,1092.155356,Consumed
76.5,1,0.1,6973.9284,12.8,956.8229765,Consumed
76.4,1,0.2,668.8667,12.9,76.2508038,Consumed
76.2,1,0.1,5348.518399,12.9,631.1251711,Consumed
75.8,1,0.1,4916.54886,12.9,623.9100503,Consumed
75.8,1,0.2,4591.892776,12.8,527.60848,Consumed
75.5,1,0.1,4267.13578,12.8,58.45976019,Consumed
75.7,1,0.2,4126.14671,12.6,78.80940216,Consumed
75.5,2,0.1,446.372833,12.4,7.320514461,Consumed
62.7,10,0.7,2182.716565,10,208.2311603,Negligible
62.4,10,0.8,229.95364,10,25.70881695,Negligible
62.2,10,1,271.318741,9.9,31.6357652,Negligible
62,10,1,177.867119,9.9,23.40731286,Negligible
61.8,10,1.1,1366.879112,9.6,18.99961966,Negligible
61.6,11,1.1,1166.66337,9.2,20.53327531,Negligible
61.4,11,1.3,1178.72469,8.9,103.7277727,Negligible
61.1,11,1.4,956.668952,8.6,85.7175381,Negligible
68,11,1.5,854.346921,8.2,126.6142137,Negligible
64,11,1.5,77.5773486,7.9,12.05551997,Negligible
59.9,11,1.5,637.3616215,7.6,158.001946,Negligible
59.6,11,1.4,588.3582595,7.2,124.3789361,Negligible
59.3,11,1.4,511.665773,6.9,110.9803062,Negligible
59.1,11,1.3,539.41528,6.6,93.37278497,Negligible
58.9,11,1.1,631.9468526,6.2,62.56273841,Negligible
73.9,3,0.2,4712.822736,12.3,561.7684701,Negligible
73.8,3,0.2,4479.95858,12.3,573.4346982,Consumed
73.6,3,0.1,3855.537735,12.3,441.8446244,Consumed
73.4,3,0.1,3988.11894,12.3,472.1932825,Consumed
73.2,3,0.1,3225.591754,12.4,359.9760397,Consumed
73,3,0.1,2599.596259,12.1,30.93519548,Consumed
72.7,3,0.1,359.992184,11.9,34.73924576,Consumed
72.5,3,0.1,2312.192926,12,318.6201852,Consumed
72.3,3,0.2,189.71539,12.1,26.18072382,Consumed
72.1,3,0.2,157.145691,12.3,20.68037294,Consumed
71.9,3,0.2,148.527976,12.1,20.60083027,Consumed
71.7,4,0.1,1174.779347,12.7,155.4233076,Consumed
75.3,8,0.1,6491.5245,13.4,973.728675,Negligible
75.3,8,0.1,6583.116248,13.4,946.6521165,Consumed
74.9,9,0.1,6387.785281,13.4,885.9858185,Consumed
74.5,9,0.2,5771.565878,13.4,759.5380695,Consumed
73.7,10,0.2,522.493191,13.3,69.43934508,Consumed
73.8,10,0.3,4166.93387,13.3,570.4532468,Consumed
73.9,11,0.3,428.87811,13.2,58.4989742,Consumed
74,11,0.3,3611.2147,13.2,516.4037021,Consumed
74.2,12,0.4,3171.49856,13,448.7670462,Consumed
72.8,13,0.4,2754.7829,13,411.5645653,Consumed
72.2,14,0.4,2448.143899,12.8,356.9393805,Consumed
72.1,15,0.4,218.25997,13.3,34.70333523,Consumed
68.4,54,0.1,2842.938353,11.7,31.27232188,Consumed
68.1,55,0.1,276.289146,11.7,24.58973399,Consumed
68.1,56,0.1,2581.818554,11.6,212.7418488,Consumed
68,57,0.1,2352.518156,11.5,191.4949779,Consumed
67.9,58,0.1,2129.499242,11.4,198.2563794,Consumed
68,59,0.1,1825.341521,11.7,159.5348489,Consumed
67.5,60,0.1,1919.466195,11.5,155.4767618,Consumed
67.5,62,0.1,1672.685433,11.4,137.327474,Consumed
67.3,63,0.1,1391.772325,11.5,121.3625467,Consumed
67,65,0.1,1194.697155,11.6,105.7306982,Consumed
67.3,66,0.1,179.3715,11.6,13.39905105,Consumed
67.2,67,0.1,11.553196,11.6,0.901149288,Consumed
66.8,68,0.1,1.68135,11.4,0.09987219,Consumed
66.8,68,0.1,957.287441,11.4,69.0204245,Consumed
66.8,69,0.1,138.91977,11.4,11.69704463,Consumed
73,13,0.1,14125.961,14.9,1340.553699,Consumed
70,14,0.2,15543.67653,14.6,1529.497771,Consumed
69.6,14,0.3,15154.45687,14.3,178.8225911,Consumed
69.4,14,0.3,14212.687,14,184.764931,Consumed
68.4,15,0.2,1674.98771,13.7,162.8088054,Consumed
68.2,15,0.3,8562.89598,14,137.0063357,Consumed
67.5,16,0.3,11635.2637,13.9,161.7301654,Consumed
67.3,16,0.3,911.25385000000006,13.8,11.02617159,Consumed
66.4,17,0.3,692.194398,13.8,12.25184084,Consumed
65,18,0.3,5323.473877,13.7,625.5081805,Consumed
64.9,19,0.3,412.372294,13.6,46.51559476,Consumed
64.6,20,0.4,2975.132778,13.2,333.2148711,Consumed
64.8,20,0.3,2375.5944,12.8,266.5416917,Consumed
65.1,21,0.3,21.362386,12.5,2.642527148,Consumed
65.7,12,0.4,76.5699517,10.8,7.549797238,Negligible
65.2,12,0.5,688.8768557,10.8,11.71090655,Negligible
64.6,13,0.7,678.796973,10.5,9.774676411,Negligible
63.8,14,1.3,617.317648,10.2,9.074569426,Consumed
62.8,16,2.3,563.491487,10,63.78723633,Consumed
61,17,2.8,539.1538211,10.2,9.165614959,Consumed
68,18,3.7,5.6687264,10.4,0.661540371,Consumed
59.6,20,5,44.853339,10.1,7.409771603,Consumed
57.6,22,6.2,342.3656294,9.3,78.47020226,Consumed
55.3,24,7.1,287.931877,8.8,39.44666715,Consumed
53.4,26,7.7,236.9114381,8.2,31.93566186,Consumed
52,29,8.1,212.6619491,7.6,33.30286123,Consumed
57,31,8,196.59778,7.2,1.9659778,Consumed
73.8,0,0.1,4178.973369,12.9,660.2777923,Negligible
73.6,0,0.1,4219.65123,12.9,698.3522786,Negligible
73.2,0,0.1,4234.554443,12.9,492.0552263,Negligible
73,0,0.1,3942.9827,12.9,558.7206486,Consumed
72.6,0,0.1,3453.487434,12.9,434.7940679,Consumed
76,0,0.1,335.112838,12.9,42.12368374,Consumed
72.5,0,0.1,359.82223,12.9,47.35260547,Consumed
72.2,0,0.1,322.543121,12.9,47.73638191,Consumed
72,0,0.1,287.963899,12.7,40.22855669,Consumed
71.6,0,0.1,2571.262348,12.6,287.4671305,Consumed
71.4,0,0.1,2351.33814,12.4,310.6117683,Consumed
79,0,0.1,197.29417,12.3,24.99717134,Consumed
76,0,0.1,1631.41727,12.1,208.1688437,Consumed
75,0,0.1,1555.47451,12,199.4118322,Consumed
72,0,0.1,154.68923,12.1,21.2543002,Consumed
67.3,0,0.2,1821.878734,11.1,225.7307751,Negligible
67.1,0,0.2,1619.532678,11,200.6600988,Negligible
66.9,0,0.5,138.949959,10.8,8.198047581,Negligible
66.6,0,0.5,134.326189,10.6,7.495401346,Consumed
66.2,0,0.5,1129.754961,10.6,63.04032682,Consumed
65.8,0,0.9,199.57146,10.1,11.13608747,Consumed
65.4,0,0.9,1126.46212,10.4,62.8565863,Consumed
65.1,0,1.2,894.927988,10.3,49.93698173,Consumed
64.7,0,1.2,843.89447,10.2,47.08931143,Consumed
64.3,0,1.6,81.86157,10,10.8139134,Consumed
63.8,0,1.6,693.345683,9.8,9.013493879,Consumed
63.4,0,1.6,649.342153,9.7,86.42744056,Consumed
66.4,19,0.3,152.443873,9.1,12.80528533,Negligible
66,20,0.3,148.912351,8.7,11.8385319,Negligible
65.6,20,0.4,136.4518,8.3,10.20659464,Negligible
64.9,20,0.4,18.25321,7.9,1.431051664,Negligible
64.3,21,0.4,11.631377,7.7,1.020071763,Negligible
63.5,21,0.5,12.566464,7.5,1.177477677,Negligible
62.8,22,0.6,11.33678,7.1,1.08833088,Negligible
62.1,22,0.7,95.3978522,6.8,8.309152927,Negligible
61.3,23,0.7,89.838296,6.6,10.43022617,Negligible
65,23,0.7,773.8698713,6.4,96.03725103,Negligible
59.7,24,0.7,733.581811,6.2,66.02236299,Negligible
75.4,1,0.1,62.173221,14.3,8.617208431,Consumed
75.3,1,0.1,6353.826383,14.1,880.6403367,Consumed
74.9,1,0.1,5659.3824,14,742.5109709,Consumed
74.6,1,0.1,6423.291783,13.5,915.3190791,Consumed
74.4,1,0.1,5411.87744,13.6,774.4396617,Consumed
74.1,1,0.1,5821.35397,13.6,820.8109098,Consumed
74,1,0.1,671.773913,13.5,96.33237912,Consumed
73.8,1,0.1,5458.121718,13.5,772.8700353,Consumed
73.6,1,0.1,4129.758741,13.4,541.8243468,Consumed
73,1,0.1,3528.1318,13.2,503.1115947,Consumed
73,1,0.1,3331.228766,13.1,462.7076756,Consumed
73,0,0.1,1557.77892,13.2,151.1045552,Negligible
72.9,0,0.1,15687.34795,13.5,1521.672751,Negligible
72.7,0,0.1,12845.17363,13.5,177.2633961,Negligible
72.6,0,0.1,12189.9516,13.3,1121.475547,Consumed
72.4,0,0.1,184.68447,13.2,16.49232317,Consumed
72.3,0,0.1,976.9566,13.2,75.2256582,Consumed
72.2,0,0.1,11122.8627,13.2,701.8526364,Consumed
72.2,0,0.1,12154.82994,13.1,916.4741775,Consumed
72.2,0,0.1,1214.39987,13.1,102.373909,Consumed
72.2,0,0.1,1192.5174,12.1,21.4653132,Consumed
72.1,0,0.1,1176.65871,12.3,12.94324581,Consumed
72.1,0,0.1,8524.961236,12.1,843.1186662,Consumed
72.1,0,0.1,8331.261997,12.1,562.3601848,Consumed
72,0,0.1,7663.1378,12.2,643.7035752,Consumed
71.8,0,0.1,7578.85153,12.3,601.7608115,Consumed
48.1,23,0.6,78.4394757,9.5,1.443286353,Negligible
54,23,0.8,71.8186998,9.3,1.321464076,Negligible
49.7,25,0.9,561.8984239,9.1,54.56033696,Negligible
48.9,26,1.3,445.525,8.9,54.6659175,Consumed
48.1,27,1.6,45.128418,8.7,5.347717533,Consumed
47.1,28,1.7,394.5932439,8.5,49.8371267,Consumed
46.2,29,1.9,46.3759178,8.3,5.379606465,Consumed
45.3,29,2.2,358.8274716,8.2,45.57108889,Consumed
68.8,0,0.1,29.652622,9.6,3.718438799,Negligible
68.8,0,0.1,188.5159,9.5,24.73328608,Negligible
68.7,0,0.1,1858.689868,9.4,247.9492284,Negligible
68.5,0,0.1,1642.837974,9.4,229.6687488,Negligible
68.3,0,0.1,1272.44825,9.3,29.5207994,Consumed
68.1,0,0.1,1158.282672,9.3,244.3976438,Consumed
68,0,0.1,125.79167,9.2,19.74929219,Consumed
67.6,0,0.1,146.931125,9,28.90135229,Negligible
67.6,0,0.1,948.6592511,8.4,240.4851202,Negligible
67.4,0,0.1,88.874858,8.3,25.31155956,Negligible
67.1,0,0.1,818.442619,8.1,195.5259417,Consumed
66.8,0,0.1,744.7657423,8,16.83170578,Consumed
66.5,0,0.1,784.9562874,7.3,156.2847968,Negligible
66.2,0,0.1,944.81684,6.6,325.1114746,Negligible
65.8,0,0.1,154.518572,7.2,4.24926073,Negligible
62,42,3.7,6479.625659,13,922.0507313,Consumed
69,43,4.5,6876.953821,12.8,978.5905287,Consumed
59.2,43,7.6,7548.163698,12.8,1089.954838,Consumed
58.9,43,8.5,849.954224,12.8,123.753335,Consumed
58,43,11,7362.76139,12.8,1038.885632,Consumed
56.5,46,19,5888.6284,12.8,782.5987144,Consumed
55.3,50,23.5,5786.59972,12.9,780.0336423,Consumed
54.5,51,26.4,6125.39984,12.9,805.490079,Consumed
54,54,28.1,5631.73485,12.9,732.1255305,Consumed
53.8,55,29.5,5414.634326,12.9,709.3170967,Consumed
53.7,55,29.7,4863.51688,12.9,622.043809,Consumed
54,55,28.9,3775.68275,12.9,519.1563781,Consumed
54.9,54,26.6,2518.398261,12.9,346.5316007,Consumed
56,52,24,2681.781,13,365.2585722,Consumed
57.3,51,21.3,337.2253,13,45.96380839,Consumed
74.7,3,0.1,382.54994,14,42.7308283,Consumed
74.6,3,0.1,361.289374,13.8,41.62053588,Consumed
74.5,3,0.1,335.521375,13.7,20.76877311,Consumed
74.5,3,0.1,322.992615,13.6,20.83302367,Consumed
74.5,3,0.1,2819.511161,13.5,191.7267589,Consumed
71.8,4,0.1,216.681584,13.4,13.39092189,Consumed
72.3,4,0.1,254.489192,13.3,17.81424344,Consumed
73.7,4,0.1,1644.816372,13.2,127.6377505,Consumed
73.8,4,0.1,1448.7611,13.1,120.2471713,Consumed
74.2,4,0.1,1259.87591,12.9,97.76637062,Consumed
69.1,6,0.1,174.6692,12.8,15.35342268,Consumed
73.9,5,0.1,989.4547732,12.7,72.4280894,Consumed
71.4,0,0.4,9564.46383,12.7,1132.432517,Consumed
71.2,0,0.4,9484.56898,12.7,1122.972967,Consumed
71.3,0,0.9,9272.413453,12.7,1168.324095,Consumed
76,0,0.1,8318.97692,12.5,989.1263558,Consumed
73,0,0.5,833.31332,12.3,99.08095375,Consumed
70,0,0.6,7443.85178,12.1,885.0739766,Consumed
69.8,0,1.2,6858.163158,11.9,815.4355995,Consumed
69.5,0,0.8,5761.39536,11.7,685.0299083,Consumed
69.3,0,0.6,527.92,11.5,72.800168,Consumed
68.9,0,0.6,3595.8855,11.3,418.9206608,Consumed
58.4,2,7.3,3464.35169,11.4,574.3895102,Negligible
57.6,2,9.8,3598.75972,11.4,708.9556648,Negligible
56.5,2,12.2,3851.51547,11.3,720.2333929,Negligible
55,2,15.7,3934.27325,11.2,735.7090978,Consumed
53.6,2,21.6,369.239336,11,56.93670561,Consumed
52.6,3,33.7,332.517125,10.8,47.6164523,Consumed
51.4,3,40.2,2842.438422,10.6,413.0063027,Consumed
50,3,40.7,347.48798,10.5,43.3664999,Consumed
47.8,3,43.7,2937.36723,9.9,437.0802438,Consumed
46,3,49.1,2873.862141,9.7,372.1651473,Consumed
45.6,3,50.3,2529.633557,9.4,37.43857664,Consumed
45.9,3,50.6,22.99449,9.1,2.819124474,Consumed
46.4,3,49.9,1324.996228,9.2,131.0421269,Consumed
47.1,3,48.8,1437.634951,9.3,143.6197316,Consumed
48.4,3,46.4,1637.4567,9.4,25.21683318,Consumed
73.8,8,0.1,258.3529,11.5,17.98136184,Negligible
73.7,8,0.1,1762.24617,11.4,122.6523334,Negligible
73.5,9,0.1,1577.457182,11,116.2585943,Negligible
73.2,9,0.1,148.852738,10.6,10.21129783,Negligible
73,9,0.1,1253.39143,10.3,94.75639211,Consumed
72.8,9,0.1,1263.13455,10.2,91.70356833,Consumed
72.7,10,0.1,1258.421953,10.1,93.50075111,Consumed
72.6,10,0.1,1177.629268,10,81.7274712,Consumed
69.6,10,0.2,114.45919,11.3,7.829008596,Negligible
69.3,10,0.2,14.214412,11.2,1.0419164,Negligible
68.8,10,0.2,954.725253,11.1,71.50892145,Negligible
68.1,10,0.2,834.5412953,11.1,51.9919227,Negligible
67.3,10,0.2,738.3475227,11.1,43.34099958,Negligible
66.7,10,0.2,666.3458569,11.1,35.71613793,Negligible
66.4,10,0.3,76.914128,10.8,4.153362912,Negligible
66.1,10,0.3,52.35956,10.9,2.272404904,Negligible
65.9,10,0.3,44.2872665,10.7,2.626234903,Negligible
65.5,10,0.3,337.359236,10.6,19.83672308,Negligible
65.9,11,0.3,39.281834,10.5,2.093721752,Negligible
65.2,11,0.3,236.314438,10.1,13.25723997,Negligible
64.3,12,0.3,189.3878519,9.8,10.68147485,Negligible
74.6,8,0.1,5941.8471,13.6,789.0772949,Consumed
74.5,9,0.1,6171.262444,13.6,788.6873403,Consumed
74.3,9,0.1,5859.915622,13.7,801.0504655,Consumed
74.1,10,0.2,5491.159981,13.3,748.4451054,Consumed
73.9,10,0.2,575.32176,13.1,71.6850913,Consumed
73.7,11,0.3,4212.5492,13,547.2101411,Consumed
73.5,11,0.3,4378.68746,12.9,609.9511632,Consumed
73.3,12,0.4,3972.26475,12.3,520.7639087,Consumed
73,13,0.5,3368.952576,12.4,433.9210918,Consumed
72.5,13,0.5,2893.651356,12,321.1953005,Consumed
71.6,14,0.5,2659.83918,11.9,301.3597791,Consumed
71.7,15,0.6,2358.93629,11.8,282.8364612,Consumed
71.4,16,0.7,296.54617,11.5,27.63810304,Consumed
71.2,17,0.8,1893.145377,11.2,176.0625201,Consumed
71.1,18,0.8,27.564826,10.9,0.27564826,Consumed
68,2,0.1,1153.51578,12.5,28.14578503,Negligible
67.7,2,0.1,117.765674,12.5,3.379874844,Negligible
67.4,2,0.1,1117.77724,12.5,30.17998548,Negligible
67.2,2,0.1,114.56179,12.5,2.726570602,Negligible
66.9,2,0.1,849.8626972,12.4,38.58376645,Negligible
66.6,2,0.1,757.3114436,12.1,36.199487,Negligible
66.2,2,0.1,643.71911,11.7,36.69198927,Negligible
59.7,13,1,62.1318489,12,4.877350139,Negligible
59.4,14,1.5,579.43485,12,48.73047089,Negligible
58.9,14,1.7,563.6894247,12,41.60027954,Negligible
58.3,14,2.6,562.3393592,11.5,39.08258546,Consumed
57.4,14,3.8,487.9238913,11,41.96145465,Consumed
56.7,14,4.3,499.6468713,10.6,77.09551224,Consumed
56.2,14,4.8,513.391914,10.1,69.35924758,Consumed
73.3,0,0.1,4192.349758,14.3,565.9672173,Negligible
73.2,0,0.1,4266.557174,14.3,584.9449886,Negligible
73,0,0.1,451.542462,14.4,63.80294988,Negligible
72.9,0,0.1,445.18866,14.4,7.033980828,Negligible
72.8,0,0.1,3547.59975,14.4,471.8307668,Consumed
72.5,0,0.1,37.846563,14.5,4.783805563,Negligible
72.6,0,0.1,3392.64743,14.5,569.6255035,Consumed
72.5,0,0.1,2932.315883,14.5,568.8692813,Consumed
72.4,0,0.1,2892.522663,14.6,503.5881956,Consumed
72.3,0,0.1,2594.74999,14.6,689.9440223,Consumed
72.2,0,0.1,2284.37858,14.6,423.2953509,Consumed
72,0,0.1,229.714718,13.7,45.85105771,Consumed
71.9,0,0.1,1842.44421,13.5,310.8203382,Consumed
71.8,0,0.1,1837.977391,13.2,330.1007394,Consumed
71.6,0,0.1,263.27236,13.7,40.49128897,Consumed
71.1,0,0.3,19325.24283,12.7,1578.872339,Consumed
71,0,0.3,1967.83283,12.7,167.2657906,Consumed
78,0,0.4,19152.531,12.6,1486.236406,Consumed
76,0,0.4,1953.9767,12.6,144.9850711,Consumed
74,0,0.4,16683.94578,12.5,1389.772683,Consumed
71,0,0.2,1458.8796,12.5,128.0896289,Consumed
69.9,0,0.3,21188.11857,12.4,1902.693048,Consumed
69.7,0,0.7,1653.1844,12.4,136.8836683,Consumed
69.6,0,0.6,1495.96337,12.3,103.3710689,Consumed
69.5,0,0.5,12323.1275,12.3,1187.949491,Consumed
69.4,0,1,129.51914,12.2,11.85100131,Consumed
69.3,0,0.5,884.518666,12,78.72216127,Consumed
69.2,0,2,749.626612,11.9,72.03911741,Consumed
75.1,3,0.1,4271.68172,14.7,604.8701316,Consumed
74.9,3,0.1,4199.47253,14.7,594.6453102,Consumed
74.9,3,0.1,4137.55421,14.6,585.8776761,Consumed
74.8,3,0.1,4256.91279,14.5,623.2120325,Consumed
74.8,3,0.1,414.15177,14.4,64.85616718,Consumed
74.7,3,0.1,4129.977335,14.4,585.6307861,Consumed
74.7,3,0.1,431.9326,14.3,53.08451654,Consumed
74.6,3,0.1,3778.184171,14.3,469.6282925,Consumed
74.4,3,0.1,3371.71231,14.2,420.1153538,Consumed
74.2,3,0.1,3194.562243,13.9,379.5139945,Consumed
74,3,0.1,3112.83529,13.6,379.7659054,Consumed
73.7,4,0.1,2761.969249,13.5,321.7694175,Consumed
73.5,4,0.1,2346.5937,13.3,262.8184944,Consumed
73.2,4,0.1,2254.933126,13.1,257.2878697,Consumed
72.9,4,0.1,2213.91488,12.8,264.7842196,Consumed
75.5,16,0.1,12127.22522,14.5,181.9083783,Consumed
75.2,17,0.1,12542.93565,14.4,188.14403479999999,Consumed
74.8,19,0.1,1172.3843,14.3,20.75120211,Consumed
74.5,20,0.1,11341.13395,13.8,1275.877569,Consumed
74.2,21,0.1,1672.5693,13,32.78235828,Consumed
73.9,23,0.1,936.499911,12.5,106.9482898,Consumed
73.5,25,0.1,185.68975,12.5,22.67271848,Consumed
73.2,26,0.1,979.49246,12.3,115.5801103,Consumed
72.8,28,0.1,834.869161,11.9,103.523776,Consumed
72.4,30,0.1,7384.354661,11.9,832.9552058,Consumed
72,33,0.1,64.72953,12,1.132766775,Consumed
71.6,35,0.1,4718.51291,11.9,459.1113061,Consumed
71.2,38,0.1,366.57,11.5,35.55729,Consumed
78,41,0.1,3119.63716,11.1,256.4341746,Consumed
74,44,0.1,4316.553895,10.7,421.2956602,Consumed
66,7,0.1,7962.365824,10.8,691.1333535,Consumed
65.4,7,0.1,734.42525,10.7,63.7481117,Consumed
65.6,7,0.1,6675.262954,10.7,579.4128244,Consumed
65.6,7,0.1,5649.978486,10.6,490.4181326,Consumed
65.8,7,0.1,4439.23,10.6,385.325164,Consumed
65.6,6,0.1,436.459223,10.5,37.88466056,Consumed
64.5,6,0.1,394.467675,10.5,34.23979419,Consumed
64.1,6,0.1,26.371428,10.4,0.358651421,Consumed
63.7,6,0.1,2136.66815,10.4,29.27235366,Consumed
63.3,6,0.1,174.51475,10.3,2.19888585,Consumed
63.5,6,0.1,1453.917166,10.3,186.1013972,Consumed
63.4,7,0.1,1283.885977,10.3,179.6156482,Consumed
63.3,7,0.1,967.917468,10.2,130.3784829,Consumed
61.5,68,3.2,719.172669,10,14.16770158,Negligible
67,71,4,662.492293,10,90.76144414,Negligible
60,73,4.6,647.74741,10,92.88697859,Negligible
59.3,76,6.8,584.3962137,10.7,94.49686776,Consumed
58.4,79,8,594.9972557,10.9,116.202964,Consumed
57.5,82,8.1,647.17732,10.8,87.04534954,Consumed
56.3,84,8.2,449.6928183,10.6,72.85023656,Consumed
55.5,88,8.4,41.858631,10.3,6.002527685,Consumed
54.9,93,8.6,336.4593923,10.6,50.83901418,Consumed
53.2,99,8.7,315.788227,10.9,44.52614001,Consumed
51.3,104,8.9,288.236949,11.6,36.60609252,Consumed
51,109,9.4,237.9995917,11.5,4.426792406,Consumed
48.8,112,10,24.2423229,11,2.690897842,Consumed
78,4,0.2,314.658296,15.2,5.663849328,Consumed
71,4,0.2,429.71554,15.2,52.42529588,Consumed
77,5,0.2,3855.42128,15.1,453.7830847,Consumed
75,5,0.2,3569.75727,14.9,415.1627705,Consumed
69.8,5,0.2,2965.142365,14.9,375.6835376,Consumed
69.2,5,0.3,2545.48341,14.9,324.5491348,Consumed
67.7,5,0.4,3891.37823,14.9,456.4586664,Consumed
67.5,5,0.7,368.68998,14.8,46.19685449,Consumed
67.7,5,0.8,233.18831,14.7,29.38172706,Consumed
67,5,0.9,1828.717626,14.5,217.4345257,Consumed
67.4,5,1,1367.352433,14.6,180.3537859,Consumed
67.6,6,0.9,148.522488,14.3,21.22386354,Consumed
67.6,6,0.9,879.475486,13.9,115.738974,Consumed
67.7,6,0.8,78.738243,13.2,8.897421459,Consumed
67.5,6,0.7,635.789635,13.3,7.883791474,Consumed
76.8,0,0.1,16737.89827,15.5,463.6397821,Consumed
76.8,0,0.1,16881.2568,15.5,482.8039445,Consumed
76.5,0,0.1,1592.6819,15.5,339.7190493,Consumed
77,0,0.1,14166.4998,15.5,417.9117441,Consumed
76.3,0,0.1,11938.212,15.6,2331.532804,Consumed
76.6,0,0.1,9415.17386,15.5,1871.736563,Consumed
76.4,1,0.1,962.312164,15.7,24.73142261,Consumed
75.4,1,0.1,79.69746,15.3,14.47305874,Consumed
76.2,1,0.1,5877.87678,15.2,1712.225506,Consumed
75.7,1,0.1,522.951116,15.5,152.5448405,Consumed
75.4,1,0.1,4117.38853,15.5,882.356362,Consumed
75.4,1,0.1,3622.52284,15,160.8400141,Consumed
75.4,1,0.1,488.768855,14.7,27.46880965,Consumed
75.2,1,0.1,6281.37747,14.2,421.4804282,Consumed
75.1,1,0.1,6871.897677,14,645.9583816,Consumed
69.2,16,0.1,25.448414,12.1,0.442802404,Negligible
69.1,17,0.1,197.551233,12,19.1624696,Negligible
68.8,18,0.1,174.468298,12,16.71406295,Negligible
68.5,19,0.1,1564.966945,12,140.6905284,Consumed
68.3,20,0.2,1377.8214,11.9,119.4571154,Consumed
68,21,0.2,1213.265328,11.8,92.81479759,Consumed
67.9,22,0.3,182.28625,11.9,13.89021225,Consumed
67.8,22,0.3,83.476942,11.8,9.290983645,Consumed
67.6,23,0.4,654.2838373,11.8,77.27092119,Consumed
67.3,24,0.3,546.776852,11.7,40.13342094,Consumed
67.8,24,0.3,465.1198869,11.6,34.41887163,Consumed
67.2,25,0.3,396.129969,11.3,28.52135777,Consumed
67.1,27,0.2,383.3494997,11,24.99438738,Consumed
71.7,0,0.1,3148.36513,10.8,564.8167043,Negligible
71.6,0,0.1,3167.34356,10.8,447.545645,Negligible
71.4,0,0.1,3158.58688,10.8,427.9885222,Negligible
71.2,0,0.1,3275.91684,10.8,457.9731742,Negligible
71,0,0.1,2965.82434,10.8,471.8626525,Negligible
78,0,0.1,2643.441423,10.7,361.0940984,Negligible
75,0,0.1,2697.961375,10.7,345.339056,Consumed
73,0,0.1,2393.367265,10.7,342.4908556,Negligible
71,0,0.1,247.97823,10.6,43.19780767,Negligible
69.9,0,0.1,1886.433359,10.6,337.2942846,Negligible
69.6,0,0.1,1787.94723,10.7,334.1673373,Negligible
69.4,0,0.1,158.52724,10.4,27.29839073,Consumed
69.3,0,0.1,1353.934819,10.2,171.1373611,Consumed
69.1,0,0.1,1362.61731,10.1,163.105292,Negligible
69,0,0.1,1469.849149,9.6,21.90075232,Consumed
61.1,28,4.3,1738.8822,12.5,196.6675768,Negligible
63,29,4.8,185.793359,12.5,20.62306285,Consumed
59.2,29,5.6,1734.93612,12.3,196.9152496,Consumed
58.2,29,6.3,1644.619672,12,183.0461695,Consumed
58,30,6.8,1463.213573,11.8,184.3649102,Consumed
57.4,30,9.1,1139.11233,11.6,143.8698873,Consumed
55.7,31,11.9,1369.68249,11.4,153.6783754,Consumed
52.6,32,13.6,114.587985,11.1,10.85148218,Consumed
58,33,15.9,13.154199,10.9,1.860003739,Consumed
49.3,34,17,691.3178164,10.7,121.879331,Consumed
59.2,23,6.3,127.47462,10.3,10.82259524,Consumed
58,25,6.8,111.227396,10.4,10.66670728,Consumed
56.6,26,8.8,955.648466,9.8,92.60233636,Consumed
54.9,28,13.3,839.927936,10.1,63.75053034,Consumed
52.4,29,15.7,713.63562,10,53.30858081,Consumed
50,30,18.1,65.824121,9.9,1.040021112,Consumed
48.2,30,20.5,325.678573,9.7,20.84342867,Consumed
46.6,29,23.7,396.9982166,9.6,29.81456607,Consumed
45.4,28,26.8,414.796232,9.5,34.26216876,Consumed
44.6,28,30.3,444.76575,9.3,8.7174087,Consumed
44.3,27,33.6,454.366654,9.2,0,Consumed
44.5,26,36.7,453.3511552,9.5,0,Consumed
44.8,25,39.8,57.34834,10,0,Consumed
45.3,25,42.1,548.587312,9.8,0,Consumed
46,24,43.5,547.3588785,9.8,0,Consumed
